{"cameraMode":{"drawMode":0,"name":"Shaded","section":"Shading Mode"},"sceneLighting":false,"audioPlay":false,"sceneViewState":{"m_AlwaysRefresh":false,"showFog":true,"showSkybox":false,"showFlares":true,"showImageEffects":true,"showParticleSystems":true,"showVisualEffectGraphs":true,"m_FxEnabled":true},"in2DMode":false,"pivot":{"x":-1.9083352088928223,"y":0.04700040817260742,"z":0.7303862571716309},"rotation":{"x":0.3322300910949707,"y":0.04101136326789856,"z":-0.014461170881986618,"w":0.9421963691711426},"size":4.425299644470215,"orthographic":false}