{"cameraMode":{"drawMode":0,"name":"Shaded","section":"Shading Mode"},"sceneLighting":false,"audioPlay":false,"sceneViewState":{"m_AlwaysRefresh":false,"showFog":true,"showSkybox":false,"showFlares":true,"showImageEffects":true,"showParticleSystems":true,"showVisualEffectGraphs":true,"m_FxEnabled":true},"in2DMode":false,"pivot":{"x":-0.14328554272651673,"y":1.6156257390975953,"z":-5.960464477539063e-8},"rotation":{"x":0.22330798208713532,"y":0.029232611879706384,"z":-0.006700246594846249,"w":0.9742869734764099},"size":1.8255302906036378,"orthographic":false}