{"cameraMode":{"drawMode":0,"name":"Shaded","section":"Shading Mode"},"sceneLighting":false,"audioPlay":false,"sceneViewState":{"m_AlwaysRefresh":false,"showFog":true,"showSkybox":false,"showFlares":true,"showImageEffects":true,"showParticleSystems":true,"showVisualEffectGraphs":true,"m_FxEnabled":true},"in2DMode":false,"pivot":{"x":-1.1520003080368043,"y":1.5679998397827149,"z":0.28000134229660036},"rotation":{"x":0.22330798208713532,"y":0.029232611879706384,"z":-0.006700246594846249,"w":0.9742869734764099},"size":0.6116161942481995,"orthographic":false}